Date,PG
2007-01-03,46.849339
2007-01-04,46.493664
2007-01-05,46.094406
2007-01-08,46.196045
2007-01-09,46.079914
2007-01-10,46.631596
2007-01-11,46.92194
2007-01-12,47.183273
2007-01-16,47.183273
2007-01-17,47.671959
2007-01-18,47.803234
2007-01-19,48.204388
2007-01-22,47.934513
2007-01-23,47.876171
2007-01-24,47.781353
2007-01-25,47.351017
2007-01-26,47.307255
2007-01-29,47.321846
2007-01-30,47.110332
2007-01-31,47.314545
2007-02-01,47.657349
2007-02-02,47.657349
2007-02-05,47.518784
2007-02-06,47.110332
2007-02-07,47.030094
2007-02-08,47.110332
2007-02-09,46.993633
2007-02-12,46.796696
2007-02-13,47.197849
2007-02-14,47.321846
2007-02-15,47.402065
2007-02-16,47.460426
2007-02-20,47.321846
2007-02-21,47.183273
2007-02-22,47.197849
2007-02-23,47.278088
2007-02-26,47.000916
2007-02-27,44.67421
2007-02-28,46.308002
2007-03-01,46.446594
2007-03-02,46.067329
2007-03-05,45.797451
2007-03-06,45.906857
2007-03-07,45.279591
2007-03-08,45.447346
2007-03-09,45.337936
2007-03-12,45.286888
2007-03-13,44.615868
2007-03-14,44.754452
2007-03-15,45.155602
2007-03-16,44.936779
2007-03-19,45.20665
2007-03-20,45.425465
2007-03-21,45.921436
2007-03-22,46.57058
2007-03-23,46.534115
2007-03-26,46.607059
2007-03-27,46.147549
2007-03-28,45.957909
2007-03-29,46.140251
2007-03-30,46.067329
2007-04-02,45.965206
2007-04-03,45.877678
2007-04-04,45.987095
2007-04-05,45.950626
2007-04-09,46.140251
2007-04-10,46.103786
2007-04-11,45.979786
2007-04-12,46.329906
2007-04-13,46.227776
2007-04-16,46.483055
2007-04-17,46.607059
2007-04-18,46.504944
2007-04-19,46.40284
2007-04-20,46.534115
2007-04-23,46.410126
2007-04-24,46.483055
2007-04-25,46.593071
2007-04-26,46.197037
2007-04-27,46.189705
2007-04-30,47.23114
2007-05-01,46.175026
2007-05-02,45.742325
2007-05-03,45.470963
2007-05-04,45.771652
2007-05-07,45.602978
2007-05-08,45.287613
2007-05-09,45.478294
2007-05-10,45.096931
2007-05-11,45.214283
2007-05-14,45.265621
2007-05-15,45.522293
2007-05-16,46.439064
2007-05-17,46.475731
2007-05-18,46.556404
2007-05-21,46.402382
2007-05-22,46.20438
2007-05-23,46.277699
2007-05-24,46.109016
2007-05-25,46.175026
2007-05-29,46.68108
2007-05-30,46.827759
2007-05-31,46.607746
2007-06-01,46.556404
2007-06-04,46.343723
2007-06-05,46.541737
2007-06-06,46.343723
2007-06-07,45.705669
2007-06-08,46.255707
2007-06-11,46.241039
2007-06-12,45.58831
2007-06-13,45.742325
2007-06-14,45.778996
2007-06-15,45.889008
2007-06-18,45.302288
2007-06-19,45.338951
2007-06-20,45.426964
2007-06-21,45.382965
2007-06-22,44.75956
2007-06-25,44.796238
2007-06-26,44.876911
2007-06-27,45.052917
2007-06-28,45.001591
2007-06-29,44.876911
2007-07-02,45.280281
2007-07-03,45.316952
2007-07-05,45.228935
2007-07-06,45.0896
2007-07-09,45.118927
2007-07-10,44.75956
2007-07-11,45.148273
2007-07-12,46.153023
2007-07-13,45.955013
2007-07-16,46.314377
2007-07-17,45.969681
2007-07-18,46.161442
2007-07-19,46.308945
2007-07-20,45.836926
2007-07-23,46.714584
2007-07-24,46.434322
2007-07-25,46.44907
2007-07-26,46.139305
2007-07-27,46.331062
2007-07-30,46.662956
2007-07-31,45.623051
2007-08-01,46.581825
2007-08-02,46.685078
2007-08-03,46.37532
2007-08-06,47.938869
2007-08-07,48.108501
2007-08-08,48.056866
2007-08-09,47.916737
2007-08-10,48.226494
2007-08-13,47.407845
2007-08-14,46.994846
2007-08-15,46.817837
2007-08-16,47.223465
2007-08-17,48.196995
2007-08-20,47.946251
2007-08-21,47.5406
2007-08-22,47.747101
2007-08-23,47.968369
2007-08-24,48.624752
2007-08-27,48.108501
2007-08-28,47.717602
2007-08-29,48.02737
2007-08-30,47.946251
2007-08-31,48.1675
2007-09-04,48.270737
2007-09-05,48.278122
2007-09-06,48.757492
2007-09-07,48.285511
2007-09-10,48.602646
2007-09-11,49.406528
2007-09-12,49.642525
2007-09-13,49.753166
2007-09-14,50.011288
2007-09-17,50.114548
2007-09-18,50.652939
2007-09-19,50.734081
2007-09-20,50.874195
2007-09-21,51.176575
2007-09-24,51.478951
2007-09-25,51.515839
2007-09-26,52.00259
2007-09-27,51.700218
2007-09-28,51.877213
2007-10-01,52.297611
2007-10-02,52.164856
2007-10-03,51.928848
2007-10-04,52.238617
2007-10-05,52.238617
2007-10-08,52.150105
2007-10-09,52.422981
2007-10-10,52.659004
2007-10-11,52.931873
2007-10-12,52.880253
2007-10-15,52.363995
2007-10-16,52.231236
2007-10-17,52.320168
2007-10-18,52.549953
2007-10-19,52.475834
2007-10-22,52.66853
2007-10-23,52.81678
2007-10-24,52.905704
2007-10-25,52.883469
2007-10-26,53.179939
2007-10-29,53.239243
2007-10-30,51.104633
2007-10-31,51.527111
2007-11-01,50.837807
2007-11-02,51.549351
2007-11-05,52.016304
2007-11-06,52.231236
2007-11-07,51.452984
2007-11-08,52.505474
2007-11-09,52.194176
2007-11-12,52.453594
2007-11-13,53.046535
2007-11-14,53.024303
2007-11-15,53.239243
2007-11-16,54.247257
2007-11-19,53.973034
2007-11-20,54.262085
2007-11-21,53.557961
2007-11-23,54.002682
2007-11-26,53.506069
2007-11-27,54.202782
2007-11-28,54.780914
2007-11-29,54.958794
2007-11-30,54.847618
2007-12-03,54.49184
2007-12-04,54.321388
2007-12-05,54.706783
2007-12-06,54.981026
2007-12-07,54.936565
2007-12-10,55.09222
2007-12-11,54.729004
2007-12-12,55.344208
2007-12-13,55.144096
2007-12-14,54.773491
2007-12-17,54.284321
2007-12-18,53.987843
2007-12-19,54.091621
2007-12-20,54.247257
2007-12-21,54.906914
2007-12-24,54.803139
2007-12-26,54.877262
2007-12-27,54.766079
2007-12-28,55.032906
2007-12-31,54.417721
2008-01-02,53.595009
2008-01-03,53.595009
2008-01-04,53.380077
2008-01-07,53.728439
2008-01-08,53.869247
2008-01-09,53.765488
2008-01-10,53.721012
2008-01-11,52.016304
2008-01-14,52.097839
2008-01-15,51.660522
2008-01-16,51.280605
2008-01-17,50.707016
2008-01-18,50.021698
2008-01-22,48.516937
2008-01-23,49.343811
2008-01-24,49.276779
2008-01-25,48.651028
2008-01-28,48.63612
2008-01-29,48.181736
2008-01-30,48.487137
2008-01-31,48.732979
2008-02-01,49.202293
2008-02-04,49.276779
2008-02-05,48.449909
2008-02-06,48.651028
2008-02-07,48.993702
2008-02-08,48.435005
2008-02-11,49.165024
2008-02-12,50.029156
2008-02-13,49.909946
2008-02-14,49.634335
2008-02-15,49.3885
2008-02-19,49.395954
2008-02-20,49.291664
2008-02-21,49.135227
2008-02-22,49.321457
2008-02-25,49.67157
2008-02-26,50.416496
2008-02-27,50.066395
2008-02-28,49.887604
2008-02-29,49.299114
2008-03-03,49.425755
2008-03-04,49.202293
2008-03-05,49.68647
2008-03-06,49.54493
2008-03-07,49.016048
2008-03-10,48.986248
2008-03-11,49.656677
2008-03-12,49.939751
2008-03-13,50.178131
2008-03-14,49.716278
2008-03-17,49.947193
2008-03-18,51.057137
2008-03-19,50.513325
2008-03-20,51.675415
2008-03-24,52.122375
2008-03-25,51.802059
2008-03-26,51.876549
2008-03-27,51.705227
2008-03-28,51.72757
2008-03-31,52.196869
2008-04-01,52.993938
2008-04-02,52.502277
2008-04-03,52.49485
2008-04-04,52.591679
2008-04-07,52.524643
2008-04-08,52.628918
2008-04-09,52.301155
2008-04-10,52.278824
2008-04-11,52.144726
2008-04-14,52.234119
2008-04-15,52.316051
2008-04-16,51.896511
2008-04-17,50.615387
2008-04-18,50.323208
2008-04-21,50.795193
2008-04-22,50.547958
2008-04-23,50.323208
2008-04-24,50.068478
2008-04-25,49.858727
2008-04-28,49.603981
2008-04-29,49.371735
2008-04-30,50.233315
2008-05-01,50.218327
2008-05-02,50.046005
2008-05-05,49.93364
2008-05-06,49.93364
2008-05-07,49.296822
2008-05-08,49.386719
2008-05-09,48.85479
2008-05-12,48.959679
2008-05-13,49.244381
2008-05-14,49.072052
2008-05-15,49.71637
2008-05-16,50.008545
2008-05-19,50.090954
2008-05-20,49.341763
2008-05-21,48.824814
2008-05-22,49.161972
2008-05-23,48.899746
2008-05-27,48.749908
2008-05-28,48.600063
2008-05-29,49.049591
2008-05-30,49.484112
2008-06-02,48.967175
2008-06-03,49.004616
2008-06-04,49.783783
2008-06-05,49.948616
2008-06-06,48.97467
2008-06-09,49.499104
2008-06-10,49.941116
2008-06-11,49.596489
2008-06-12,49.791279
2008-06-13,49.783783
2008-06-16,49.371735
2008-06-17,49.296822
2008-06-18,48.69746
2008-06-19,48.622536
2008-06-20,47.318951
2008-06-23,47.146629
2008-06-24,47.094189
2008-06-25,47.566181
2008-06-26,46.637184
2008-06-27,45.318611
2008-06-30,45.558361
2008-07-01,46.434895
2008-07-02,46.966835
2008-07-03,47.701019
2008-07-07,47.13166
2008-07-08,47.693554
2008-07-09,47.798435
2008-07-10,48.113098
2008-07-11,47.536224
2008-07-14,47.895832
2008-07-15,48.210491
2008-07-16,48.165249
2008-07-17,48.165249
2008-07-18,47.999405
2008-07-21,47.976791
2008-07-22,48.323566
2008-07-23,48.775898
2008-07-24,48.632656
2008-07-25,48.594967
2008-07-28,48.120026
2008-07-29,49.409161
2008-07-30,50.185654
2008-07-31,49.363926
2008-08-01,48.964371
2008-08-04,49.620243
2008-08-05,51.241066
2008-08-06,51.090298
2008-08-07,50.87167
2008-08-08,52.492504
2008-08-11,52.34174
2008-08-12,53.027748
2008-08-13,52.469883
2008-08-14,52.552814
2008-08-15,53.977654
2008-08-18,53.728855
2008-08-19,53.31424
2008-08-20,52.997604
2008-08-21,52.69606
2008-08-22,53.985188
2008-08-25,52.86945
2008-08-26,52.650806
2008-08-27,52.816689
2008-08-28,53.53286
2008-08-29,52.598057
2008-09-02,53.125774
2008-09-03,53.841938
2008-09-04,53.103157
2008-09-05,53.359463
2008-09-08,54.558128
2008-09-09,54.19627
2008-09-10,54.573219
2008-09-11,55.093403
2008-09-12,55.146168
2008-09-15,54.384747
2008-09-16,54.279198
2008-09-17,53.48008
2008-09-18,53.759026
2008-09-19,53.042831
2008-09-22,51.293846
2008-09-23,50.720898
2008-09-24,51.821564
2008-09-25,51.648163
2008-09-26,51.896946
2008-09-29,50.321342
2008-09-30,52.537746
2008-10-01,53.728855
2008-10-02,53.85704
2008-10-03,53.54039
2008-10-06,51.700932
2008-10-07,49.944405
2008-10-08,49.831322
2008-10-09,45.89608
2008-10-10,44.90097
2008-10-13,47.712929
2008-10-14,48.323566
2008-10-15,45.09697
2008-10-16,46.567028
2008-10-17,46.544426
2008-10-20,48.18034
2008-10-21,47.464146
2008-10-22,44.581093
2008-10-23,45.954346
2008-10-24,44.664555
2008-10-27,43.526508
2008-10-28,47.972477
2008-10-29,46.272995
2008-10-30,47.858662
2008-10-31,48.96637
2008-11-03,48.860161
2008-11-04,50.127182
2008-11-05,48.412518
2008-11-06,48.063515
2008-11-07,48.928432
2008-11-10,49.277435
2008-11-11,48.420101
2008-11-12,46.925488
2008-11-13,49.353306
2008-11-14,47.881424
2008-11-17,47.426208
2008-11-18,48.746346
2008-11-19,47.244129
2008-11-20,45.013561
2008-11-21,47.866261
2008-11-24,49.07259
2008-11-25,47.934536
2008-11-26,47.919369
2008-11-28,48.82222
2008-12-01,45.89365
2008-12-02,46.61441
2008-12-03,47.706932
2008-12-04,46.470249
2008-12-05,47.517258
2008-12-08,47.411041
2008-12-09,45.36256
2008-12-10,44.854233
2008-12-11,44.444538
2008-12-12,44.717667
2008-12-15,45.036327
2008-12-16,46.750977
2008-12-17,46.052967
2008-12-18,45.757084
2008-12-19,45.658451
2008-12-22,45.870876
2008-12-23,45.392902
2008-12-24,45.817776
2008-12-26,45.923996
2008-12-29,45.67363
2008-12-30,46.37162
2008-12-31,46.902714
2009-01-02,47.646248
2009-01-05,47.304821
2009-01-06,47.168251
2009-01-07,46.341282
2009-01-08,45.832951
2009-01-09,45.415672
2009-01-12,45.476357
2009-01-13,45.119766
2009-01-14,43.898258
2009-01-15,43.594788
2009-01-16,43.799644
2009-01-20,43.572029
2009-01-21,43.984596
2009-01-22,43.518555
2009-01-23,42.785088
2009-01-26,43.067776
2009-01-27,43.319893
2009-01-28,44.450657
2009-01-29,44.481216
2009-01-30,41.639061
2009-02-02,40.531239
2009-02-03,41.188286
2009-02-04,40.126305
2009-02-05,40.737503
2009-02-06,41.257034
2009-02-09,40.447189
2009-02-10,39.308788
2009-02-11,39.087231
2009-02-12,39.178917
2009-02-13,39.033752
2009-02-17,38.285007
2009-02-18,38.926788
2009-02-19,39.06432
2009-02-20,38.391975
2009-02-23,37.360554
2009-02-24,38.025246
2009-02-25,38.139843
2009-02-26,37.414032
2009-02-27,36.802818
2009-03-02,35.809597
2009-03-03,35.626228
2009-03-04,36.14576
2009-03-05,34.686481
2009-03-06,34.923321
2009-03-09,33.754387
2009-03-10,34.510765
2009-03-11,34.434353
2009-03-12,34.976814
2009-03-13,35.87072
2009-03-16,36.535419
2009-03-17,36.657646
2009-03-18,36.688213
2009-03-19,35.381741
2009-03-20,34.831654
2009-03-23,36.474297
2009-03-24,35.962379
2009-03-25,36.718765
2009-03-26,37.25359
2009-03-27,37.108418
2009-03-30,36.122829
2009-03-31,35.977665
2009-04-01,36.833378
2009-04-02,37.757839
2009-04-03,37.918293
2009-04-06,37.933552
2009-04-07,37.192463
2009-04-08,37.032021
2009-04-09,37.582115
2009-04-13,36.703491
2009-04-14,36.099915
2009-04-15,37.245937
2009-04-16,38.529495
2009-04-17,39.469242
2009-04-20,38.758701
2009-04-21,39.247673
2009-04-22,38.222748
2009-04-23,38.006985
2009-04-24,38.1534
2009-04-27,38.507877
2009-04-28,38.29211
2009-04-29,38.854668
2009-04-30,38.099457
2009-05-01,38.145679
2009-05-04,39.293919
2009-05-05,38.369167
2009-05-06,39.178326
2009-05-07,39.563633
2009-05-08,39.740883
2009-05-11,38.816132
2009-05-12,39.25539
2009-05-13,39.270798
2009-05-14,39.147499
2009-05-15,39.047318
2009-05-18,40.472969
2009-05-19,40.804317
2009-05-20,41.628899
2009-05-21,40.858269
2009-05-22,40.865974
2009-05-26,41.443939
2009-05-27,39.902702
2009-05-28,40.526909
2009-05-29,40.026005
2009-06-01,41.120289
2009-06-02,41.390003
2009-06-03,41.46706
2009-06-04,41.112572
2009-06-05,40.981571
2009-06-08,40.950745
2009-06-09,40.388191
2009-06-10,40.133888
2009-06-11,40.079945
2009-06-12,40.496082
2009-06-15,39.555927
2009-06-16,38.608063
2009-06-17,38.538715
2009-06-18,39.432629
2009-06-19,39.024189
2009-06-22,38.962547
2009-06-23,38.954849
2009-06-24,38.954849
2009-06-25,39.825649
2009-06-26,39.879585
2009-06-29,40.249485
2009-06-30,39.378677
2009-07-01,40.072243
2009-07-02,39.386395
2009-07-06,40.203247
2009-07-07,40.002884
2009-07-08,40.565437
2009-07-09,40.388191
2009-07-10,40.241768
2009-07-13,40.827442
2009-07-14,41.258991
2009-07-15,42.11438
2009-07-16,42.545929
2009-07-17,43.093067
2009-07-20,42.815659
2009-07-21,42.761719
2009-07-22,42.621883
2009-07-23,42.847157
2009-07-24,43.375359
2009-07-27,43.328743
2009-07-28,43.274387
2009-07-29,43.592861
2009-07-30,43.678303
2009-07-31,43.119022
2009-08-03,43.196705
2009-08-04,43.080177
2009-08-05,41.876179
2009-08-06,39.973072
2009-08-07,40.415836
2009-08-10,40.524574
2009-08-11,40.338161
2009-08-12,40.45467
2009-08-13,40.625568
2009-08-14,40.679939
2009-08-17,40.555649
2009-08-18,40.742081
2009-08-19,41.013947
2009-08-20,41.184853
2009-08-21,41.619843
2009-08-24,41.433414
2009-08-25,41.480015
2009-08-26,41.448944
2009-08-27,41.215916
2009-08-28,41.316902
2009-08-31,42.031536
2009-09-01,41.184853
2009-09-02,41.013947
2009-09-03,41.068329
2009-09-04,41.060558
2009-09-08,42.101448
2009-09-09,41.759663
2009-09-10,43.530716
2009-09-11,43.220005
2009-09-14,42.955894
2009-09-15,42.74617
2009-09-16,42.963665
2009-09-17,43.134556
2009-09-18,44.52499
2009-09-21,44.354111
2009-09-22,44.46286
2009-09-23,44.470623
2009-09-24,44.928925
2009-09-25,45.06097
2009-09-28,45.177498
2009-09-29,44.983292
2009-09-30,44.991055
2009-10-01,43.981243
2009-10-02,44.082233
2009-10-05,44.027859
2009-10-06,44.299732
2009-10-07,44.237591
2009-10-08,44.781334
2009-10-09,44.711418
2009-10-12,44.664814
2009-10-13,44.478397
2009-10-14,44.517223
2009-10-15,44.46286
2009-10-16,44.618206
2009-10-19,44.890079
2009-10-20,45.154182
2009-10-21,44.997643
2009-10-22,45.498573
2009-10-23,45.115055
2009-10-26,44.535851
2009-10-27,44.755001
2009-10-28,44.794144
2009-10-29,46.602192
2009-10-30,45.396824
2009-11-02,46.140396
2009-11-03,45.850796
2009-11-04,46.203011
2009-11-05,47.330101
2009-11-06,47.776253
2009-11-09,48.410244
2009-11-10,48.418056
2009-11-11,48.707661
2009-11-12,47.979748
2009-11-13,48.222393
2009-11-16,48.738976
2009-11-17,48.770287
2009-11-18,48.848553
2009-11-19,48.645054
2009-11-20,48.371098
2009-11-23,49.099014
2009-11-24,49.153805
2009-11-25,49.208603
2009-11-27,48.903328
2009-11-30,48.801586
2009-12-01,49.239902
2009-12-02,49.459057
2009-12-03,48.96595
2009-12-04,48.997261
2009-12-07,48.895504
2009-12-08,48.425884
2009-12-09,48.715481
2009-12-10,48.715481
2009-12-11,48.793758
2009-12-14,49.318169
2009-12-15,48.621559
2009-12-16,48.652874
2009-12-17,48.206734
2009-12-18,48.175426
2009-12-21,47.979748
2009-12-22,47.979748
2009-12-23,47.987572
2009-12-24,47.964081
2009-12-28,47.940609
2009-12-29,48.198906
2009-12-30,48.034531
2009-12-31,47.455338
2010-01-04,47.838852
2010-01-05,47.854511
2010-01-06,47.627529
2010-01-07,47.369236
2010-01-08,47.306614
2010-01-11,47.118778
2010-01-12,47.65884
2010-01-13,48.151947
2010-01-14,48.198906
2010-01-15,47.60405
2010-01-19,48.308491
2010-01-20,47.654175
2010-01-21,47.173298
2010-01-22,47.543812
2010-01-25,47.796074
2010-01-26,47.843376
2010-01-27,47.937973
2010-01-28,48.623806
2010-01-29,48.521328
2010-02-01,48.868191
2010-02-02,49.585564
2010-02-03,49.388489
2010-02-04,48.403084
2010-02-05,48.324257
2010-02-08,48.095631
2010-02-09,48.686878
2010-02-10,48.615929
2010-02-11,48.84454
2010-02-12,48.686878
2010-02-16,49.53038
2010-02-17,49.546143
2010-02-18,49.971844
2010-02-19,50.019146
2010-02-22,49.995506
2010-02-23,49.829945
2010-02-24,50.365993
2010-02-25,50.216228
2010-02-26,49.885136
2010-03-01,50.066444
2010-03-02,50.224102
2010-03-03,50.097977
2010-03-04,50.192577
2010-03-05,50.208344
2010-03-08,49.814186
2010-03-09,49.900898
2010-03-10,49.672283
2010-03-11,49.798424
2010-03-12,49.91666
2010-03-15,50.216228
2010-03-16,50.082211
2010-03-17,50.460609
2010-03-18,50.239883
2010-03-19,50.326588
2010-03-22,50.358124
2010-03-23,50.870537
2010-03-24,50.145275
2010-03-25,50.153156
2010-03-26,50.208344
2010-03-29,50.239883
2010-03-30,50.184696
2010-03-31,49.877258
2010-04-01,49.948208
2010-04-05,50.263527
2010-04-06,49.751122
2010-04-07,49.270237
2010-04-08,49.317547
2010-04-09,49.45155
2010-04-12,49.427906
2010-04-13,49.664402
2010-04-14,49.814186
2010-04-15,49.664402
2010-04-16,49.546143
2010-04-19,49.837833
2010-04-20,49.814186
2010-04-21,50.161049
2010-04-22,50.129517
2010-04-23,50.090096
2010-04-26,50.405422
2010-04-27,49.751122
2010-04-28,50.181671
2010-04-29,49.411114
2010-04-30,49.379345
2010-05-03,49.792427
2010-05-04,49.021866
2010-05-05,49.379345
2010-05-06,48.259247
2010-05-07,47.909729
2010-05-10,49.585884
2010-05-11,49.546158
2010-05-12,50.062515
2010-05-13,49.848026
2010-05-14,49.681213
2010-05-17,50.348495
2010-05-18,50.213455
2010-05-19,50.221397
2010-05-20,48.942425
2010-05-21,49.133076
2010-05-24,48.775608
2010-05-25,48.49757
2010-05-26,48.012981
2010-05-27,48.418125
2010-05-28,48.52935
2010-06-01,48.584953
2010-06-02,49.045696
2010-06-03,49.093357
2010-06-04,48.298969
2010-06-07,48.155975
2010-06-08,49.363453
2010-06-09,48.831211
2010-06-10,49.180737
2010-06-11,48.465794
2010-06-14,48.656437
2010-06-15,49.180737
2010-06-16,48.60878
2010-06-17,49.061584
2010-06-18,48.696175
2010-06-21,48.537285
2010-06-22,48.235424
2010-06-23,48.759705
2010-06-24,48.354576
2010-06-25,47.496628
2010-06-28,48.155975
2010-06-29,47.917652
2010-06-30,47.647575
2010-07-01,47.298035
2010-07-02,47.170933
2010-07-06,47.139156
2010-07-07,48.314854
2010-07-08,49.212517
2010-07-09,49.053631
2010-07-12,49.323723
2010-07-13,49.562057
2010-07-14,49.776539
2010-07-15,49.832142
2010-07-16,49.244289
2010-07-19,49.141022
2010-07-20,49.307846
2010-07-21,48.925156
2010-07-22,49.133316
2010-07-23,49.565639
2010-07-26,50.054008
2010-07-27,50.502354
2010-07-28,50.198116
2010-07-29,49.373501
2010-07-30,48.965183
2010-08-02,49.685738
2010-08-03,47.988434
2010-08-04,47.676208
2010-08-05,47.924397
2010-08-06,48.052494
2010-08-09,48.340717
2010-08-10,48.66095
2010-08-11,48.252632
2010-08-12,48.028465
2010-08-13,47.89238
2010-08-16,47.85236
2010-08-17,48.268658
2010-08-18,48.636936
2010-08-19,48.188591
2010-08-20,48.020473
2010-08-23,48.060497
2010-08-24,47.764267
2010-08-25,47.77227
2010-08-26,47.668198
2010-08-27,47.876358
2010-08-30,47.532089
2010-08-31,47.77227
2010-09-01,47.876358
2010-09-02,48.092525
2010-09-03,48.268658
2010-09-07,48.148567
2010-09-08,48.332699
2010-09-09,48.268658
2010-09-10,48.356731
2010-09-13,48.42078
2010-09-14,48.548866
2010-09-15,48.925156
2010-09-16,48.925156
2010-09-17,48.813061
2010-09-20,49.181358
2010-09-21,49.253414
2010-09-22,49.469578
2010-09-23,49.013218
2010-09-24,49.34948
2010-09-27,48.86911
2010-09-28,48.532845
2010-09-29,48.236637
2010-09-30,48.01247
2010-10-01,48.164581
2010-10-04,48.004448
2010-10-05,48.692978
2010-10-06,48.733009
2010-10-07,48.676964
2010-10-08,49.525608
2010-10-11,49.749786
2010-10-12,49.653709
2010-10-13,50.142075
2010-10-14,50.278183
2010-10-15,50.246151
2010-10-18,50.718517
2010-10-19,50.58242
2010-10-20,51.124557
2010-10-21,51.237503
2010-10-22,51.148746
2010-10-25,51.261711
2010-10-26,50.713097
2010-10-27,50.890587
2010-10-28,50.979332
2010-10-29,51.285904
2010-11-01,51.326248
2010-11-02,51.648945
2010-11-03,51.882919
2010-11-04,52.439575
2010-11-05,52.439575
2010-11-08,52.237892
2010-11-09,52.286297
2010-11-10,52.092667
2010-11-11,51.923252
2010-11-12,51.899044
2010-11-15,51.866779
2010-11-16,51.189106
2010-11-17,51.043884
2010-11-18,51.648945
2010-11-19,51.673149
2010-11-22,51.277843
2010-11-23,50.511421
2010-11-24,50.503345
2010-11-26,50.124176
2010-11-29,50.124176
2010-11-30,49.268997
2010-12-01,50.140308
2010-12-02,50.309715
2010-12-03,50.285526
2010-12-06,50.067703
2010-12-07,50.140308
2010-12-08,50.52755
2010-12-09,50.721169
2010-12-10,50.987408
2010-12-13,50.979332
2010-12-14,51.269775
2010-12-15,51.342377
2010-12-16,52.036198
2010-12-17,52.286297
2010-12-20,52.415367
2010-12-21,52.334705
2010-12-22,52.399242
2010-12-23,52.633209
2010-12-27,52.173344
2010-12-28,52.245956
2010-12-29,51.955521
2010-12-30,51.858704
2010-12-31,51.899044
2011-01-03,52.254017
2011-01-04,52.399242
2011-01-05,52.278229
2011-01-06,52.189476
2011-01-07,52.036198
2011-01-10,51.923252
2011-01-11,51.665089
2011-01-12,52.415367
2011-01-13,52.826824
2011-01-14,52.867165
2011-01-18,52.842957
2011-01-19,53.112785
2011-01-20,53.478523
2011-01-21,53.567928
2011-01-24,54.112465
2011-01-25,54.210003
2011-01-26,53.730484
2011-01-27,52.161884
2011-01-28,52.178131
2011-01-31,51.308498
2011-02-01,51.137821
2011-02-02,51.032177
2011-02-03,51.121571
2011-02-04,51.698616
2011-02-07,52.462593
2011-02-08,52.535744
2011-02-09,52.332561
2011-02-10,52.486984
2011-02-11,52.608891
2011-02-14,52.454468
2011-02-15,51.950562
2011-02-16,51.820534
2011-02-17,52.015587
2011-02-18,52.259407
2011-02-22,52.072487
2011-02-23,52.137501
2011-02-24,51.243477
2011-02-25,51.0728
2011-02-28,51.243477
2011-03-01,50.991531
2011-03-02,50.72332
2011-03-03,50.837109
2011-03-04,50.414486
2011-03-07,50.154404
2011-03-08,50.430737
2011-03-09,50.390099
2011-03-10,49.975609
2011-03-11,49.975609
2011-03-14,49.861816
2011-03-15,49.301025
2011-03-16,48.545177
2011-03-17,49.11409
2011-03-18,49.252254
2011-03-21,49.821182
2011-03-22,49.520458
2011-03-23,49.504215
2011-03-24,49.691135
2011-03-25,49.479828
2011-03-28,49.301025
2011-03-29,49.804924
2011-03-30,50.365719
2011-03-31,50.065002
2011-04-01,50.455112
2011-04-04,50.601425
2011-04-05,50.121895
2011-04-06,50.195038
2011-04-07,50.495766
2011-04-08,50.308823
2011-04-11,50.544521
2011-04-12,51.113438
2011-04-13,51.194721
2011-04-14,51.446667
2011-04-15,52.161884
2011-04-18,52.015587
2011-04-19,51.901802
2011-04-20,51.788017
2011-04-21,51.422287
2011-04-25,51.503555
2011-04-26,51.877426
2011-04-27,52.463348
2011-04-28,52.856701
2011-04-29,53.184498
2011-05-02,53.413952
2011-05-03,53.848286
2011-05-04,54.471077
2011-05-05,53.987583
2011-05-06,53.487713
2011-05-09,53.381168
2011-05-10,53.864674
2011-05-11,54.020363
2011-05-12,54.774284
2011-05-13,54.790684
2011-05-16,54.856255
2011-05-17,55.249599
2011-05-18,55.216812
2011-05-19,55.282379
2011-05-20,55.200424
2011-05-23,54.946392
2011-05-24,54.913605
2011-05-25,54.397339
2011-05-26,54.241642
2011-05-27,54.249828
2011-05-31,54.905415
2011-06-01,54.413719
2011-06-02,54.094128
2011-06-03,53.618816
2011-06-06,53.676193
2011-06-07,53.315609
2011-06-08,53.143524
2011-06-09,53.274647
2011-06-10,53.020596
2011-06-13,53.077969
2011-06-14,53.069767
2011-06-15,52.250282
2011-06-16,52.66003
2011-06-17,53.012398
2011-06-20,53.340195
2011-06-21,52.627251
2011-06-22,52.496132
2011-06-23,52.004448
2011-06-24,51.291496
2011-06-27,51.479969
2011-06-28,51.398026
2011-06-29,51.258713
2011-06-30,52.094589
2011-07-01,52.668228
2011-07-05,52.66003
2011-07-06,53.020596
2011-07-07,53.225468
2011-07-08,53.209087
2011-07-11,53.036991
2011-07-12,52.881287
2011-07-13,52.971436
2011-07-14,52.938648
2011-07-15,53.127132
2011-07-18,52.897678
2011-07-19,52.94685
2011-07-20,53.041855
2011-07-21,53.281452
2011-07-22,53.083168
2011-07-25,52.306545
2011-07-26,52.124779
2011-07-27,51.389465
2011-07-28,51.158119
2011-07-29,50.802868
2011-08-01,50.753296
2011-08-02,50.290619
2011-08-03,50.174957
2011-08-04,49.224823
2011-08-05,50.05928
2011-08-08,48.985241
2011-08-09,49.75359
2011-08-10,48.34079
2011-08-11,49.943615
2011-08-12,50.513702
2011-08-15,51.125084
2011-08-16,50.910259
2011-08-17,50.951576
2011-08-18,50.282364
2011-08-19,50.364986
2011-08-22,50.984623
2011-08-23,52.066944
2011-08-24,52.306545
2011-08-25,51.662109
2011-08-26,51.695145
2011-08-29,52.124779
2011-08-30,52.46352
2011-08-31,52.612236
2011-09-01,52.265232
2011-09-02,51.678635
2011-09-06,51.538181
2011-09-07,51.819084
2011-09-08,51.976063
2011-09-09,51.092033
2011-09-12,51.083767
2011-09-13,51.174652
2011-09-14,51.505131
2011-09-15,51.868656
2011-09-16,53.149269
2011-09-19,52.719646
2011-09-20,52.942715
2011-09-21,52.066944
2011-09-22,50.538479
2011-09-23,50.604591
2011-09-26,51.670372
2011-09-27,52.265232
2011-09-28,51.827358
2011-09-29,52.628761
2011-09-30,52.199142
2011-10-03,51.918224
2011-10-04,52.356117
2011-10-05,52.331329
2011-10-06,52.554405
2011-10-07,52.802265
2011-10-10,53.537582
2011-10-11,53.347549
2011-10-12,53.611931
2011-10-13,53.413658
2011-10-14,53.611931
2011-10-17,53.091434
2011-10-18,53.636723
2011-10-19,53.932411
2011-10-20,54.215607
2011-10-21,55.190132
2011-10-24,54.448833
2011-10-25,53.73251
2011-10-26,54.098999
2011-10-27,54.357208
2011-10-28,53.915756
2011-10-31,53.299381
2011-11-01,52.233227
2011-11-02,52.35817
2011-11-03,52.649693
2011-11-04,52.499767
2011-11-07,52.857929
2011-11-08,53.482632
2011-11-09,52.241554
2011-11-10,52.674679
2011-11-11,53.216087
2011-11-14,52.516426
2011-11-15,52.941227
2011-11-16,52.708008
2011-11-17,52.424801
2011-11-18,52.674679
2011-11-21,51.358643
2011-11-22,51.383636
2011-11-23,50.858891
2011-11-25,50.808914
2011-11-28,51.841755
2011-11-29,52.083302
2011-11-30,53.782501
2011-12-01,53.37434
2011-12-02,53.857452
2011-12-05,54.007378
2011-12-06,54.007378
2011-12-07,54.332214
2011-12-08,53.699192
2011-12-09,54.115654
2011-12-12,53.56591
2011-12-13,53.915756
2011-12-14,53.682522
2011-12-15,54.132309
2011-12-16,54.257252
2011-12-19,54.098999
2011-12-20,54.798679
2011-12-21,54.973572
2011-12-22,55.13184
2011-12-23,55.531647
2011-12-27,55.631603
2011-12-28,55.423367
2011-12-29,55.781521
2011-12-30,55.56496
2012-01-03,55.664913
2012-01-04,55.639923
2012-01-05,55.4067
2012-01-06,55.27343
2012-01-09,55.506657
2012-01-10,55.248447
2012-01-11,54.707031
2012-01-12,54.815315
2012-01-13,54.815315
2012-01-17,55.190132
2012-01-18,55.43782
2012-01-19,55.479801
2012-01-20,55.605732
2012-01-23,54.57304
2012-01-24,54.153252
2012-01-25,54.556255
2012-01-26,54.405121
2012-01-27,53.985336
2012-01-30,53.070187
2012-01-31,52.927452
2012-02-01,53.070187
2012-02-02,53.16254
2012-02-03,52.700771
2012-02-06,53.322056
2012-02-07,53.481583
2012-02-08,53.431206
2012-02-09,53.767052
2012-02-10,53.632706
2012-02-13,53.926567
2012-02-14,54.136463
2012-02-15,54.195232
2012-02-16,54.740959
2012-02-17,54.497482
2012-02-21,54.086075
2012-02-22,54.102875
2012-02-23,55.765251
2012-02-24,56.008739
2012-02-27,56.000343
2012-02-28,56.579639
2012-02-29,56.772751
2012-03-01,55.966759
2012-03-02,55.975155
2012-03-05,56.210224
2012-03-06,56.117878
2012-03-07,55.899593
2012-03-08,56.168255
2012-03-09,56.193447
2012-03-12,56.848324
2012-03-13,57.007839
2012-03-14,56.965858
2012-03-15,56.823128
2012-03-16,56.462109
2012-03-19,56.428516
2012-03-20,56.428516
2012-03-21,56.420132
2012-03-22,56.688797
2012-03-23,56.613235
2012-03-26,56.63842
2012-03-27,56.378159
2012-03-28,56.411747
2012-03-29,56.260609
2012-03-30,56.428516
2012-04-02,56.72237
2012-04-03,56.32777
2012-04-04,56.470509
2012-04-05,56.512474
2012-04-09,56.092693
2012-04-10,55.706482
2012-04-11,55.782036
2012-04-12,55.48819
2012-04-13,55.253109
2012-04-16,56.067505
2012-04-17,56.269001
2012-04-18,56.042328
2012-04-19,55.891193
2012-04-20,56.680401
2012-04-23,55.958366
2012-04-24,56.252216
2012-04-25,56.634914
2012-04-26,56.617989
2012-04-27,54.560532
2012-04-30,53.883179
2012-05-01,53.823914
2012-05-02,54.171055
2012-05-03,54.619801
2012-05-04,54.425056
2012-05-07,54.399658
2012-05-08,54.323456
2012-05-09,53.908585
2012-05-10,54.306522
2012-05-11,53.917046
2012-05-14,53.832378
2012-05-15,53.950916
2012-05-16,54.433529
2012-05-17,54.154133
2012-05-18,53.781586
2012-05-21,53.671509
2012-05-22,53.468307
2012-05-23,52.824818
2012-05-24,52.977219
2012-05-25,52.909489
2012-05-29,53.298969
2012-05-30,52.765549
2012-05-31,52.740154
2012-06-01,52.11359
2012-06-04,51.986599
2012-06-05,51.79187
2012-06-06,52.325279
2012-06-07,53.1381
2012-06-08,53.129627
2012-06-11,52.951832
2012-06-12,53.1381
2012-06-13,52.977219
2012-06-14,53.493706
2012-06-15,53.239697
2012-06-18,52.740154
2012-06-19,52.672413
2012-06-20,51.131443
2012-06-21,50.589569
2012-06-22,50.657303
2012-06-25,50.217033
2012-06-26,50.183155
2012-06-27,50.784309
2012-06-28,51.04678
2012-06-29,51.859604
2012-07-02,51.808792
2012-07-03,51.952732
2012-07-05,51.944263
2012-07-06,51.885002
2012-07-09,52.11359
2012-07-10,52.266006
2012-07-11,51.986599
2012-07-12,53.933979
2012-07-13,55.110874
2012-07-16,54.873798
2012-07-17,55.331013
2012-07-18,55.358337
2012-07-19,55.443745
2012-07-20,55.281483
2012-07-23,54.991108
2012-07-24,54.675117
2012-07-25,54.675117
2012-07-26,55.136295
2012-07-27,55.588928
2012-07-30,55.597469
2012-07-31,55.119221
2012-08-01,54.666588
2012-08-02,54.239559
2012-08-03,55.939087
2012-08-06,56.203831
2012-08-07,56.553982
2012-08-08,56.981014
2012-08-09,56.989548
2012-08-10,57.023701
2012-08-13,56.776047
2012-08-14,56.989548
2012-08-15,56.912674
2012-08-16,57.220139
2012-08-17,57.220139
2012-08-20,57.006626
2012-08-21,57.023701
2012-08-22,57.092033
2012-08-23,56.946835
2012-08-24,57.237213
2012-08-27,57.314083
2012-08-28,57.211586
2012-08-29,57.109108
2012-08-30,57.117645
2012-08-31,57.382408
2012-09-04,57.561745
2012-09-05,57.467808
2012-09-06,58.279125
2012-09-07,58.518269
2012-09-10,58.509712
2012-09-11,58.296219
2012-09-12,58.159573
2012-09-13,58.851337
2012-09-14,59.064857
2012-09-17,59.141705
2012-09-18,59.116093
2012-09-19,59.150249
2012-09-20,59.406452
2012-09-21,59.28688
2012-09-24,59.577259
2012-09-25,59.432072
2012-09-26,59.184418
2012-09-27,59.184418
2012-09-28,59.235638
2012-10-01,59.312504
2012-10-02,58.748856
2012-10-03,59.073391
2012-10-04,59.252728
2012-10-05,59.466232
2012-10-08,59.013603
2012-10-09,58.671986
2012-10-10,58.193733
2012-10-11,58.074158
2012-10-12,58.02293
2012-10-15,58.680531
2012-10-16,58.928204
2012-10-17,59.816807
2012-10-18,59.816807
2012-10-19,59.041847
2012-10-22,58.981579
2012-10-23,58.068871
2012-10-24,58.619938
2012-10-25,60.333412
2012-10-26,59.790977
2012-10-31,59.618736
2012-11-01,59.627357
2012-11-02,59.575699
2012-11-05,59.127949
2012-11-06,59.35183
2012-11-07,58.602722
2012-11-08,57.612514
2012-11-09,57.698631
2012-11-12,57.758892
2012-11-13,57.560852
2012-11-14,57.285324
2012-11-15,57.104507
2012-11-16,57.535023
2012-11-19,58.482166
2012-11-20,58.809361
2012-11-21,58.955746
2012-11-23,59.920109
2012-11-26,59.825397
2012-11-27,59.403481
2012-11-28,59.790977
2012-11-29,59.842628
2012-11-30,60.126759
2012-12-03,59.911514
2012-12-04,59.679035
2012-12-05,59.765118
2012-12-06,60.230103
2012-12-07,60.522865
2012-12-10,60.462578
2012-12-11,60.841446
2012-12-12,60.927544
2012-12-13,60.385067
2012-12-14,60.212872
2012-12-17,60.212872
2012-12-18,60.247318
2012-12-19,59.704849
2012-12-20,60.118164
2012-12-21,59.171005
2012-12-24,58.998787
2012-12-26,58.551064
2012-12-27,58.525219
2012-12-28,57.819176
2012-12-31,58.456337
2013-01-02,59.747902
2013-01-03,59.369049
2013-01-04,59.48959
2013-01-07,59.084908
2013-01-08,58.990189
2013-01-09,59.308765
2013-01-10,59.644596
2013-01-11,59.601536
2013-01-14,59.954544
2013-01-15,60.169815
2013-01-16,60.188915
2013-01-17,60.47538
2013-01-18,60.709736
2013-01-22,60.718403
2013-01-23,61.360748
2013-01-24,61.126385
2013-01-25,63.582901
2013-01-28,64.034248
2013-01-29,65.101952
2013-01-30,65.171387
2013-01-31,65.240837
2013-02-01,65.90052
2013-02-04,65.318954
2013-02-05,65.709549
2013-02-06,66.100174
2013-02-07,66.100174
2013-02-08,65.752953
2013-02-11,65.805038
2013-02-12,65.952621
2013-02-13,66.456062
2013-02-14,66.647018
2013-02-15,66.438705
2013-02-19,67.167847
2013-02-20,66.90744
2013-02-21,66.872711
2013-02-22,66.8293
2013-02-25,65.90052
2013-02-26,66.039421
2013-02-27,66.620995
2013-02-28,66.126213
2013-03-01,66.395302
2013-03-04,66.560211
2013-03-05,66.881393
2013-03-06,67.011604
2013-03-07,66.75119
2013-03-08,66.994232
2013-03-11,67.1418
2013-03-12,66.98555
2013-03-13,66.664391
2013-03-14,67.176529
2013-03-15,66.265091
2013-03-18,66.108856
2013-03-19,66.933479
2013-03-20,67.341461
2013-03-21,67.020271
2013-03-22,67.072372
2013-03-25,66.560211
2013-03-26,67.185219
2013-03-27,66.890076
2013-03-28,66.890076
2013-04-01,67.44561
2013-04-02,68.53933
2013-04-03,67.810188
2013-04-04,68.174759
2013-04-05,67.905663
2013-04-08,68.391762
2013-04-09,67.931702
2013-04-10,68.782364
2013-04-11,69.155647
2013-04-12,69.511513
2013-04-15,69.138268
2013-04-16,69.528885
2013-04-17,68.626122
2013-04-18,69.329247
2013-04-19,70.683342
2013-04-22,70.65731
2013-04-23,71.646873
2013-04-24,67.433998
2013-04-25,66.961807
2013-04-26,67.416504
2013-04-29,67.923653
2013-04-30,67.127953
2013-05-01,67.320313
2013-05-02,67.993599
2013-05-03,68.369621
2013-05-06,67.984848
2013-05-07,68.151001
2013-05-08,68.588203
2013-05-09,68.387085
2013-05-10,68.868019
2013-05-13,68.719345
2013-05-14,69.488831
2013-05-15,70.54686
2013-05-16,70.127144
2013-05-17,69.969742
2013-05-20,69.15657
2013-05-21,68.902969
2013-05-22,68.920471
2013-05-23,68.815536
2013-05-24,71.59613
2013-05-28,70.704254
2013-05-29,68.990433
2013-05-30,69.15657
2013-05-31,67.119209
2013-06-03,67.906166
2013-06-04,67.65258
2013-06-05,67.031769
2013-06-06,67.171677
2013-06-07,67.984848
2013-06-10,68.264679
2013-06-11,68.308403
2013-06-12,67.853699
2013-06-13,68.579445
2013-06-14,68.229691
2013-06-17,69.042885
2013-06-18,69.112846
2013-06-19,67.862442
2013-06-20,65.798851
2013-06-21,67.705048
2013-06-24,66.961807
2013-06-25,67.057991
2013-06-26,67.678825
2013-06-27,67.914917
2013-06-28,67.320313
2013-07-01,68.220955
2013-07-02,68.588203
2013-07-03,68.701874
2013-07-05,68.500763
2013-07-08,68.868019
2013-07-09,69.576271
2013-07-10,69.777397
2013-07-11,70.625572
2013-07-12,71.30761
2013-07-15,71.272614
2013-07-16,70.800446
2013-07-17,70.555527
2013-07-18,70.740547
2013-07-19,71.683159
2013-07-22,71.55101
2013-07-23,71.313148
2013-07-24,70.714096
2013-07-25,70.83744
2013-07-26,70.819817
2013-07-29,70.555527
2013-07-30,70.863884
2013-07-31,70.740547
2013-08-01,71.921013
2013-08-02,71.612686
2013-08-05,71.709579
2013-08-06,72.009102
2013-08-07,72.202911
2013-08-08,72.387909
2013-08-09,71.921013
2013-08-12,71.903397
2013-08-13,71.938637
2013-08-14,71.577446
2013-08-15,70.899101
2013-08-16,70.388145
2013-08-19,70.115059
2013-08-20,70.06221
2013-08-21,69.930046
2013-08-22,70.273628
2013-08-23,70.485054
2013-08-26,69.190056
2013-08-27,68.68792
2013-08-28,67.701248
2013-08-29,68.106483
2013-08-30,68.617439
2013-09-03,68.494125
2013-09-04,68.265045
2013-09-05,67.956718
2013-09-06,67.965538
2013-09-09,68.855309
2013-09-10,68.670296
2013-09-11,68.952194
2013-09-12,68.943405
2013-09-13,69.639336
2013-09-16,70.61721
2013-09-17,70.3265
2013-09-18,70.740547
2013-09-19,70.581955
2013-09-20,69.93885
2013-09-23,69.841972
2013-09-24,69.260544
2013-09-25,68.467674
2013-09-26,68.7584
2013-09-27,68.018387
2013-09-30,66.591263
2013-10-01,67.093391
2013-10-02,66.890785
2013-10-03,66.811478
2013-10-04,66.970062
2013-10-07,66.644104
2013-10-08,67.243149
2013-10-09,67.78936
2013-10-10,68.617439
2013-10-11,69.137215
2013-10-14,69.366249
2013-10-15,68.361954
2013-10-16,69.553436
2013-10-17,70.512321
2013-10-18,70.503433
2013-10-21,70.112785
2013-10-22,71.364632
2013-10-23,71.835197
2013-10-24,71.568848
2013-10-25,71.02726
2013-10-28,72.181458
2013-10-29,73.211334
2013-10-30,72.376785
2013-10-31,71.69313
2013-11-01,72.048279
2013-11-04,72.208107
2013-11-05,72.296875
2013-11-06,73.522095
2013-11-07,73.087051
2013-11-08,73.25573
2013-11-11,73.033775
2013-11-12,73.513222
2013-11-13,74.13472
2013-11-14,74.86274
2013-11-15,75.324409
2013-11-18,75.084686
2013-11-19,74.880478
2013-11-20,75.191238
2013-11-21,75.173477
2013-11-22,75.422073
2013-11-25,75.830475
2013-11-26,75.146851
2013-11-27,74.827225
2013-11-29,74.773949
2013-12-02,73.992638
2013-12-03,74.427689
2013-12-04,74.001518
2013-12-05,73.41555
2013-12-06,75.040298
2013-12-09,75.271126
2013-12-10,74.267891
2013-12-11,74.596382
2013-12-12,73.069305
2013-12-13,73.131439
2013-12-16,72.527718
2013-12-17,71.835197
2013-12-18,73.140312
2013-12-19,72.714157
2013-12-20,72.660873
2013-12-23,72.190331
2013-12-24,72.190331
2013-12-26,72.589859
2013-12-27,72.811821
2013-12-30,72.80294
2013-12-31,72.279121
2014-01-02,71.506683
2014-01-03,71.426781
2014-01-06,71.595474
2014-01-07,72.287987
2014-01-08,71.240334
2014-01-09,71.400162
2014-01-10,71.293617
2014-01-13,71.036148
2014-01-14,71.799698
2014-01-15,71.728653
2014-01-16,71.52446
2014-01-17,70.920723
2014-01-21,71.18708
2014-01-22,70.875778
2014-01-23,69.99015
2014-01-24,70.831024
2014-01-27,70.195908
2014-01-28,70.76841
2014-01-29,69.453423
2014-01-30,68.76461
2014-01-31,68.54097
2014-02-03,67.717972
2014-02-04,68.066841
2014-02-05,68.388893
2014-02-06,68.791451
2014-02-07,69.158211
2014-02-10,69.802307
2014-02-11,70.526894
2014-02-12,69.319229
2014-02-13,69.596565
2014-02-14,71.02784
2014-02-18,69.748619
2014-02-19,69.900696
2014-02-20,69.703888
2014-02-21,69.748619
2014-02-24,69.650215
2014-02-25,69.882813
2014-02-26,69.650215
2014-02-27,69.945427
2014-02-28,70.365868
2014-03-03,69.310287
2014-03-04,70.178009
2014-03-05,69.614426
2014-03-06,69.829132
2014-03-07,70.115387
2014-03-10,70.249557
2014-03-11,70.625275
2014-03-12,70.88472
2014-03-13,70.839989
2014-03-14,70.65213
2014-03-17,71.421432
2014-03-18,71.35881
2014-03-19,70.473228
2014-03-20,70.061707
2014-03-21,69.668106
2014-03-24,70.938377
2014-03-25,71.3946
2014-03-26,71.11731
2014-03-27,71.251488
2014-03-28,71.349876
2014-03-31,72.101303
2014-04-01,71.868721
2014-04-02,71.680862
2014-04-03,71.65403
2014-04-04,71.35881
2014-04-07,72.002899
2014-04-08,72.772217
2014-04-09,72.897469
2014-04-10,72.53965
2014-04-11,72.244431
2014-04-14,72.289177
2014-04-15,72.316002
2014-04-16,73.040604
2014-04-17,73.139
2014-04-21,72.960083
2014-04-22,72.682762
2014-04-23,72.460953
2014-04-24,73.173302
2014-04-25,73.407745
2014-04-28,74.787346
2014-04-29,74.336487
2014-04-30,74.435692
2014-05-01,74.246315
2014-05-02,73.867615
2014-05-05,73.669228
2014-05-06,73.155258
2014-05-07,74.020897
2014-05-08,74.084015
2014-05-09,74.291405
2014-05-12,73.696297
2014-05-13,73.588081
2014-05-14,73.19133
2014-05-15,72.614243
2014-05-16,72.433907
2014-05-19,72.073212
2014-05-20,72.343727
2014-05-21,72.578163
2014-05-22,72.72245
2014-05-23,72.605217
2014-05-27,72.208481
2014-05-28,72.226517
2014-05-29,72.497025
2014-05-30,72.848679
2014-06-02,72.460953
2014-06-03,72.073212
2014-06-04,72.010094
2014-06-05,72.235519
2014-06-06,72.163391
2014-06-09,72.217491
2014-06-10,72.271606
2014-06-11,72.190445
2014-06-12,71.919937
2014-06-13,71.811737
2014-06-16,71.856819
2014-06-17,71.757614
2014-06-18,71.946983
2014-06-19,72.352745
2014-06-20,72.073212
2014-06-23,71.703522
2014-06-24,71.243652
2014-06-25,71.523178
2014-06-26,70.891975
2014-06-27,71.25267
2014-06-30,70.864937
2014-07-01,71.487114
2014-07-02,71.739601
2014-07-03,72.118309
2014-07-07,72.307655
2014-07-08,72.641296
2014-07-09,73.642181
2014-07-10,73.588081
2014-07-11,73.182327
2014-07-14,73.326599
2014-07-15,73.272484
2014-07-16,73.566971
2014-07-17,73.076157
2014-07-18,73.212502
2014-07-21,72.967087
2014-07-22,72.803482
2014-07-23,72.703499
2014-07-24,72.948914
2014-07-25,72.31266
2014-07-28,72.040009
2014-07-29,71.48558
2014-07-30,71.040215
2014-07-31,70.276718
2014-08-01,72.394485
2014-08-04,72.003647
2014-08-05,72.176353
2014-08-06,73.7033
2014-08-07,72.839836
2014-08-08,73.57605
2014-08-11,74.057777
2014-08-12,74.003235
2014-08-13,74.057777
2014-08-14,74.484962
2014-08-15,74.330444
2014-08-18,74.930351
2014-08-19,75.157562
2014-08-20,75.266624
2014-08-21,75.693802
2014-08-22,75.793793
2014-08-25,75.930122
2014-08-26,75.784706
2014-08-27,75.721092
2014-08-28,75.466591
2014-08-29,75.539299
2014-09-02,75.421143
2014-09-03,75.348434
2014-09-04,76.075546
2014-09-05,76.139175
2014-09-08,75.730164
2014-09-09,75.430222
2014-09-10,76.021004
2014-09-11,75.884674
2014-09-12,75.675636
2014-09-15,76.23008
2014-09-16,76.420944
2014-09-17,76.493668
2014-09-18,76.520927
2014-09-19,76.775414
2014-09-22,77.084442
2014-09-23,76.748154
2014-09-24,77.475273
2014-09-25,76.64817
2014-09-26,76.875389
2014-09-29,76.748154
2014-09-30,76.111908
2014-10-01,75.566566
2014-10-02,75.484764
2014-10-03,76.157364
2014-10-06,75.95739
2014-10-07,75.584747
2014-10-08,76.511826
2014-10-09,76.0392
2014-10-10,76.975372
2014-10-13,75.775612
2014-10-14,75.939217
2014-10-15,75.393875
2014-10-16,74.748535
2014-10-17,75.684715
2014-10-20,76.511826
2014-10-21,76.902657
2014-10-22,77.144455
2014-10-23,76.228569
2014-10-24,77.996223
2014-10-27,78.719765
2014-10-28,79.196022
2014-10-29,79.260147
2014-10-30,79.62648
2014-10-31,79.928719
2014-11-03,80.029465
2014-11-04,81.183479
2014-11-05,81.513199
2014-11-06,81.4216
2014-11-07,81.632256
2014-11-10,81.925331
2014-11-11,82.126823
2014-11-12,81.952812
2014-11-13,81.146835
2014-11-14,80.698051
2014-11-17,80.450768
2014-11-18,80.551521
2014-11-19,81.265915
2014-11-20,81.027771
2014-11-21,81.146835
2014-11-24,80.698051
2014-11-25,81.330025
2014-11-26,81.403282
2014-11-28,82.822906
2014-12-01,82.502342
2014-12-02,83.409058
2014-12-03,82.429054
2014-12-04,82.960274
2014-12-05,82.777107
2014-12-08,83.125137
2014-12-09,83.079346
2014-12-10,82.429054
2014-12-11,82.804573
2014-12-12,82.016922
2014-12-15,81.696358
2014-12-16,81.842903
2014-12-17,83.070183
2014-12-18,84.260834
2014-12-19,84.306633
2014-12-22,84.810356
2014-12-23,85.442314
2014-12-24,85.304924
2014-12-26,85.598015
2014-12-29,84.846992
2014-12-30,84.627174
2014-12-31,83.427376
2015-01-02,82.832062
2015-01-05,82.438232
2015-01-06,82.062714
2015-01-07,82.493172
2015-01-08,83.436539
2015-01-09,82.658043
2015-01-12,82.355789
2015-01-13,82.703842
2015-01-14,82.419922
2015-01-15,82.30085
2015-01-16,83.573906
2015-01-20,83.518974
2015-01-21,83.688683
2015-01-22,84.509621
2015-01-23,83.089149
2015-01-26,82.62793
2015-01-27,79.777748
2015-01-28,78.54174
2015-01-29,79.02137
2015-01-30,77.748489
2015-02-02,78.514061
2015-02-03,79.279648
2015-02-04,79.132057
2015-02-05,79.971451
2015-02-06,78.966026
2015-02-09,78.449501
2015-02-10,78.763115
2015-02-11,78.993721
2015-02-12,79.353447
2015-02-13,79.233528
2015-02-17,78.855331
2015-02-18,79.565598
2015-02-19,78.597092
2015-02-20,78.283463
2015-02-23,78.763115
2015-02-24,78.864578
2015-02-25,78.827682
2015-02-26,78.560188
2015-02-27,78.523285
2015-03-02,78.78157
2015-03-03,78.550964
2015-03-04,77.803818
2015-03-05,78.062096
2015-03-06,76.244987
2015-03-09,76.641609
2015-03-10,75.211914
2015-03-11,75.073547
2015-03-12,75.719215
2015-03-13,75.479401
2015-03-16,77.075119
2015-03-17,76.420219
2015-03-18,77.250397
2015-03-19,76.909096
2015-03-20,78.163567
2015-03-23,78.274239
2015-03-24,77.407188
2015-03-25,76.567818
2015-03-26,75.774551
2015-03-27,75.922119
2015-03-30,76.300323
2015-03-31,75.580856
2015-04-01,75.931366
2015-04-02,76.032837
2015-04-06,76.59549
2015-04-07,75.995941
2015-04-08,76.346436
2015-04-09,76.457123
2015-04-10,76.881439
2015-04-13,76.955215
2015-04-14,77.112022
2015-04-15,77.029015
2015-04-16,77.019783
2015-04-17,76.125061
2015-04-20,76.43869
2015-04-21,76.632393
2015-04-22,76.641609
2015-04-23,75.268272
2015-04-24,75.314774
2015-04-27,74.942856
2015-04-28,74.775459
2015-04-29,74.245476
2015-04-30,73.929352
2015-05-01,74.654594
2015-05-04,74.710396
2015-05-05,74.450035
2015-05-06,74.756889
2015-05-07,74.570908
2015-05-08,75.277557
2015-05-11,74.635994
2015-05-12,74.338463
2015-05-13,74.106003
2015-05-14,74.914948
2015-05-15,75.361259
2015-05-18,75.073013
2015-05-19,75.156708
2015-05-20,74.831261
2015-05-21,74.76619
2015-05-22,74.338463
2015-05-26,73.585327
2015-05-27,73.817764
2015-05-28,73.761986
2015-05-29,72.887947
2015-06-01,73.315674
2015-06-02,73.027435
2015-06-03,73.046021
2015-06-04,72.664803
2015-06-05,71.995331
2015-06-08,72.255684
2015-06-09,73.36216
2015-06-10,73.957245
2015-06-11,73.836365
2015-06-12,73.334267
2015-06-15,72.636902
2015-06-16,73.548119
2015-06-17,74.459343
2015-06-18,75.147392
2015-06-19,74.887062
2015-06-22,74.80336
2015-06-23,74.189697
2015-06-24,73.929352
2015-06-25,73.817764
2015-06-26,73.771263
2015-06-29,72.822868
2015-06-30,72.748482
2015-07-01,74.124603
2015-07-02,74.31987
2015-07-06,74.431435
2015-07-07,75.98423
2015-07-08,75.305458
2015-07-09,74.998627
2015-07-10,75.268272
2015-07-13,76.160904
2015-07-14,76.281776
2015-07-15,76.384056
2015-07-16,76.523521
2015-07-17,76.467728
2015-07-20,76.421234
2015-07-21,75.900543
2015-07-22,75.772125
2015-07-23,75.650246
2015-07-24,75.265907
2015-07-27,74.965935
2015-07-28,75.209671
2015-07-29,75.575264
2015-07-30,72.547379
2015-07-31,71.900543
2015-08-03,71.619331
2015-08-04,71.159988
2015-08-05,71.02874
2015-08-06,71.00061
2015-08-07,70.756889
2015-08-10,71.600571
2015-08-11,71.4506
2015-08-12,71.609955
2015-08-13,71.038132
2015-08-14,70.88813
2015-08-17,70.803764
2015-08-18,70.428787
2015-08-19,69.481995
2015-08-20,69.285141
2015-08-21,67.344658
2015-08-24,64.813614
2015-08-25,64.138657
2015-08-26,66.463478
2015-08-27,67.007187
2015-08-28,66.754074
2015-08-31,66.247871
2015-09-01,64.588638
2015-09-02,65.441704
2015-09-03,65.554176
2015-09-04,64.45739
2015-09-08,65.601059
2015-09-09,64.194923
2015-09-10,64.044922
2015-09-11,64.138657
2015-09-14,63.801189
2015-09-15,65.104218
2015-09-16,65.713539
2015-09-17,65.84478
2015-09-18,65.563553
2015-09-21,66.229134
2015-09-22,65.797905
2015-09-23,65.863541
2015-09-24,66.894707
2015-09-25,68.122719
2015-09-28,67.27903
2015-09-29,67.757126
2015-09-30,67.4384
2015-10-01,67.447777
2015-10-02,67.888374
2015-10-05,68.638306
2015-10-06,68.807037
2015-10-07,69.107033
2015-10-08,69.744484
2015-10-09,69.819466
2015-10-12,69.678864
2015-10-13,69.472618
2015-10-14,69.566353
2015-10-15,69.622589
2015-10-16,70.213188
2015-10-19,70.456917
2015-10-20,69.772598
2015-10-21,69.605171
2015-10-22,70.796944
2015-10-23,72.85891
2015-10-26,73.293991
2015-10-27,73.104836
2015-10-28,72.367065
2015-10-29,72.849434
2015-10-30,72.244102
2015-11-02,72.452187
2015-11-03,72.877831
2015-11-04,72.887268
2015-11-05,72.253563
2015-11-06,71.477974
2015-11-09,71.317169
2015-11-10,71.667122
2015-11-11,71.846848
2015-11-12,70.617241
2015-11-13,69.955132
2015-11-16,71.222588
2015-11-17,71.005043
2015-11-18,71.790108
2015-11-19,72.092766
2015-11-20,71.714424
2015-11-23,71.856308
2015-11-24,72.310318
2015-11-25,71.790108
2015-11-27,71.600922
2015-11-30,70.787491
2015-12-01,71.827934
2015-12-02,71.68605
2015-12-03,71.638748
2015-12-04,73.615585
2015-12-07,74.126358
2015-12-08,73.539925
2015-12-09,73.492622
2015-12-10,73.577759
2015-12-11,73.568298
2015-12-14,74.050674
2015-12-15,75.36541
2015-12-16,76.604477
2015-12-17,75.942383
2015-12-18,73.899338
2015-12-21,74.674934
2015-12-22,75.289749
2015-12-23,75.592415
2015-12-24,75.469452
2015-12-28,75.592415
2015-12-29,76.008591
2015-12-30,75.734291
2015-12-31,75.110039
2016-01-04,74.126358
2016-01-05,74.362816
2016-01-06,73.643959
2016-01-07,73.000778
2016-01-08,71.856308
2016-01-11,72.518394
2016-01-12,72.367065
2016-01-13,71.742805
2016-01-14,72.026558
2016-01-15,70.919914
2016-01-19,72.575142
2016-01-20,72.349045
2016-01-21,73.198181
2016-01-22,73.8088
2016-01-25,73.322212
2016-01-26,75.19223
2016-01-27,75.182693
2016-01-28,76.155869
2016-01-29,77.940033
2016-02-01,77.396194
2016-02-02,76.537514
2016-02-03,77.377113
2016-02-04,76.995476
2016-02-05,77.472511
2016-02-08,78.827347
2016-02-09,78.846405
2016-02-10,77.873245
2016-02-11,76.232201
2016-02-12,77.272163
2016-02-16,77.730125
2016-02-17,78.665146
2016-02-18,78.216721
2016-02-19,78.035439
2016-02-22,78.359825
2016-02-23,78.05452
2016-02-24,77.81601
2016-02-25,78.560188
2016-02-26,77.377113
2016-02-29,76.604294
2016-03-01,77.501152
2016-03-02,78.760551
2016-03-03,79.037231
2016-03-04,79.657402
2016-03-07,79.285294
2016-03-08,79.247131
2016-03-09,79.151726
2016-03-10,78.502953
2016-03-11,77.997269
2016-03-14,77.443901
2016-03-15,77.577469
2016-03-16,77.606094
2016-03-17,78.951378
2016-03-18,79.333
2016-03-21,79.495193
2016-03-22,78.941826
2016-03-23,79.018158
2016-03-24,79.084938
2016-03-28,78.827347
2016-03-29,78.999077
2016-03-30,78.884583
2016-03-31,78.531563
2016-04-01,79.695564
2016-04-04,79.390251
2016-04-05,79.342545
2016-04-06,79.962708
2016-04-07,79.418869
2016-04-08,79.380714
2016-04-11,78.932281
2016-04-12,79.027702
2016-04-13,78.674683
2016-04-14,78.886299
2016-04-15,79.16526
2016-04-18,79.675064
2016-04-19,80.107925
2016-04-20,78.443817
2016-04-21,77.722389
2016-04-22,77.866669
2016-04-25,78.309158
2016-04-26,76.520012
2016-04-27,76.847046
2016-04-28,76.722008
2016-04-29,77.068291
2016-05-02,77.88591
2016-05-03,78.010963
2016-05-04,78.491913
2016-05-05,78.203346
2016-05-06,79.001724
2016-05-09,78.992111
2016-05-10,79.338409
2016-05-11,79.020973
2016-05-12,79.271072
2016-05-13,78.136009
2016-05-16,78.520775
2016-05-17,77.54924
2016-05-18,76.808571
2016-05-19,77.13562
2016-05-20,76.972099
2016-05-23,77.145233
2016-05-24,77.88591
2016-05-25,78.376495
2016-05-26,78.126396
2016-05-27,78.328392
2016-05-31,77.953255
2016-06-01,78.674683
2016-06-02,78.828583
2016-06-03,79.328781
2016-06-06,79.617348
2016-06-07,79.184494
2016-06-08,79.501915
2016-06-09,80.002106
2016-06-10,80.030968
2016-06-13,79.424973
2016-06-14,80.175262
2016-06-15,79.790497
2016-06-16,80.232986
2016-06-17,79.963638
2016-06-20,79.877075
2016-06-21,80.232986
2016-06-22,80.386879
2016-06-23,81.002495
2016-06-24,79.126785
2016-06-27,78.136009
2016-06-28,79.31916
2016-06-29,80.713928
2016-06-30,81.444984
2016-07-01,81.550804
2016-07-05,82.185661
2016-07-06,81.791267
2016-07-07,81.598892
2016-07-08,82.503082
2016-07-11,82.483841
2016-07-12,82.483841
2016-07-13,82.618515
2016-07-14,82.599274
2016-07-15,82.73394
2016-07-18,82.656998
2016-07-19,82.887848
2016-07-20,82.713348
2016-07-21,82.655182
2016-07-22,83.101128
2016-07-25,83.178688
2016-07-26,82.664871
2016-07-27,81.879616
2016-07-28,82.218933
2016-07-29,82.975098
2016-08-01,83.770042
2016-08-02,84.10936
2016-08-03,83.343483
2016-08-04,83.421051
2016-08-05,83.159302
2016-08-08,83.1399
2016-08-09,83.362877
2016-08-10,83.673103
2016-08-11,84.080269
2016-08-12,84.380791
2016-08-15,84.361404
2016-08-16,83.934845
2016-08-17,84.303246
2016-08-18,84.768585
2016-08-19,84.64254
2016-08-22,84.196594
2016-08-23,84.729805
2016-08-24,84.64254
2016-08-25,85.214523
2016-08-26,84.904305
2016-08-29,85.602303
2016-08-30,84.865524
2016-08-31,84.64254
2016-09-01,85.611992
2016-09-02,85.505363
2016-09-06,85.931915
2016-09-07,85.262993
2016-09-08,85.098183
2016-09-09,83.60524
2016-09-12,85.553833
2016-09-13,84.390488
2016-09-14,84.351723
2016-09-15,85.369637
2016-09-16,85.359947
2016-09-19,85.670174
2016-09-20,85.873749
2016-09-21,85.117584
2016-09-22,86.271217
2016-09-23,85.078804
2016-09-26,85.166054
2016-09-27,85.660477
2016-09-28,86.72686
2016-09-29,85.534439
2016-09-30,87.008003
2016-10-03,85.951302
2016-10-04,85.650772
2016-10-05,86.135498
2016-10-06,86.494194
2016-10-07,87.250366
2016-10-10,86.339081
2016-10-11,85.834969
2016-10-12,85.864052
2016-10-13,85.544128
2016-10-14,85.728333
2016-10-17,85.14666
2016-10-18,84.778275
2016-10-19,83.566872
2016-10-20,82.97094
2016-10-21,82.384789
2016-10-24,82.160088
2016-10-25,84.96389
2016-10-26,85.383972
2016-10-27,84.582893
2016-10-28,84.836884
2016-10-31,84.797813
2016-11-01,84.846657
2016-11-02,84.739197
2016-11-03,84.602425
2016-11-04,83.117493
2016-11-07,84.563339
2016-11-08,85.442589
2016-11-09,83.947884
2016-11-10,81.046387
2016-11-11,81.652084
2016-11-14,81.085457
2016-11-15,81.691162
2016-11-16,81.271088
2016-11-17,81.153847
2016-11-18,80.108536
2016-11-21,80.733765
2016-11-22,80.851006
2016-11-23,80.77285
2016-11-25,81.534851
2016-11-28,81.153847
2016-11-29,80.978004
2016-11-30,80.557922
2016-12-01,79.971756
2016-12-02,80.499306
2016-12-05,81.075691
2016-12-06,80.997536
2016-12-07,82.238243
2016-12-08,81.573929
2016-12-09,82.423866
2016-12-12,83.166328
2016-12-13,83.215179
2016-12-14,82.423866
2016-12-15,82.726707
2016-12-16,82.726707
2016-12-19,82.75602
2016-12-20,82.619247
2016-12-21,82.335938
2016-12-22,82.521553
2016-12-23,83.000252
2016-12-27,82.648552
2016-12-28,82.130783
2016-12-29,82.40432
2016-12-30,82.140549
2017-01-03,82.25779
2017-01-04,82.550865
2017-01-05,83.097946
2017-01-06,83.068634
2017-01-09,82.453178
2017-01-10,81.564156
2017-01-11,81.818161
2017-01-12,81.906082
2017-01-13,82.072166
2017-01-17,83.244492
2017-01-18,83.62851
2017-01-19,83.402031
2017-01-20,86.109886
2017-01-23,85.627403
2017-01-24,86.513611
2017-01-25,85.824341
2017-01-26,85.272919
2017-01-27,85.391083
2017-01-30,85.420616
2017-01-31,86.257599
2017-02-01,85.991737
2017-02-02,86.415146
2017-02-03,86.070511
2017-02-06,86.060661
2017-02-07,86.661308
2017-02-08,86.97641
2017-02-09,87.311195
2017-02-10,86.621925
2017-02-13,86.956711
2017-02-14,86.513611
2017-02-15,89.723656
2017-02-16,89.398705
2017-02-17,89.694115
2017-02-21,90.265221
2017-02-22,90.03875
2017-02-23,89.733498
2017-02-24,89.654724
2017-02-27,89.497177
2017-02-28,89.674416
2017-03-01,90.255386
2017-03-02,89.516876
2017-03-03,89.113152
2017-03-06,88.985153
2017-03-07,88.906372
2017-03-08,88.758675
2017-03-09,88.955605
2017-03-10,89.674416
2017-03-13,89.910736
2017-03-14,89.605492
2017-03-15,89.999367
2017-03-16,90.03875
2017-03-17,89.605492
2017-03-20,89.822121
2017-03-21,89.79258
2017-03-22,89.595642
2017-03-23,89.379013
2017-03-24,89.182076
2017-03-27,89.103302
2017-03-28,89.369171
2017-03-29,89.211624
2017-03-30,88.817749
2017-03-31,88.473114
2017-04-03,88.305717
2017-04-04,88.532204
2017-04-05,88.591278
2017-04-06,88.030014
2017-04-07,87.862617
2017-04-10,88.118629
